id,prediction
0,0.43811452372432313
1,0.43811452372432313
2,0.6201353850291136
3,53.4432989160472
4,433.877784246438
5,1016.9543413847643
6,1749.0034994180342
7,2639.556455045095
8,2757.5281272687685
9,2826.725492887765
10,2820.729322505455
11,2953.758828249317
12,2696.3984006222854
13,2323.43569898287
14,2517.8913882809143
15,1489.7510085003255
16,1260.8835135236432
17,606.4181912804263
18,240.02934185765156
19,35.45916280283188
20,5.593884734426094
21,0.46973547222963175
22,0.43811452372432313
23,0.43811452372432313
24,0.43811452372432313
25,0.4812216917539676
26,3.201160781697017
27,115.3479530805862
28,457.70752447916965
29,1283.8867206567306
30,1888.2342918763666
31,1970.465698911825
32,3364.4852351754257
33,4108.376319938314
34,4063.4816479631468
35,3418.872774326432
36,3445.702912662704
37,3324.545312360633
38,2798.192780148812
39,2193.155030148593
40,1542.0599749218566
41,860.194716108902
42,393.9040017129981
43,107.11840941371568
44,1.6098935999322623
45,0.8575518632912195
46,0.43811452372432313
47,0.43811452372432313
48,0.46245694643132607
49,1.7482815800297735
50,17.315423504831276
51,187.80947889107358
52,569.2539208925202
53,1382.3071643246126
54,2596.554579798371
55,3757.788801792753
56,4404.325921638187
57,4673.094759195854
58,4847.4801686456285
59,4549.412182419055
60,3886.2829650593803
61,3792.1694960226228
62,3117.833468598028
63,2229.0674072630313
64,1150.6253438798822
65,601.07577753755
66,446.26431397570855
67,134.9009511367579
68,1.5095568452678092
69,1.357199586936558
70,0.529972151274594
71,0.43954958669793237
72,0.4846734606928619
73,0.7364601240503234
74,16.6933772038194
75,124.02276841102548
76,301.9448071912996
77,1042.7529663866947
78,2271.661988035796
79,3221.815334194335
80,4077.5648454874367
81,3500.2382058033736
82,3646.1325391440337
83,3713.7316551974222
84,3447.531999261932
85,3094.2197619367107
86,2954.3843598047238
87,2598.2350474262116
88,1862.71247980618
89,975.5410812606676
90,344.1379423562906
91,117.1832474872543
92,4.445913144254879
93,0.49630364171088326
94,0.4428990238718137
95,0.45219924383728566
96,0.6573699464214664
97,0.5815411980075571
98,49.57548177474762
99,254.40033398535178
100,666.8500090539837
101,1239.8768445436358
102,2540.862729320979
103,3400.774167890827
104,4237.154839137558
105,4640.990977843428
106,4798.533930716216
107,4551.669195640077
108,4327.712417205634
109,4162.304428122463
110,3552.9641710024002
111,2919.3058019406367
112,2034.488625685839
113,1010.9355764992802
114,478.789094645145
115,221.30425191310223
116,17.556482449978475
117,0.6641859319819128
118,0.6013010743303184
119,0.5671439585123493
120,1.0315655716046122
121,1.3388488275311294
122,62.64387272330383
123,262.78297874781816
124,689.969542333539
125,1623.095494840971
126,2633.725595054178
127,3670.9705020164834
128,4168.405463526202
129,4406.915044202406
130,3434.6460807796097
131,2685.9663600671506
132,2711.067241008604
133,2914.6714168614712
134,3280.8500265613284
135,2813.879611276629
136,1964.412305505162
137,979.0850760357519
138,452.34775657518907
139,197.34802645043968
140,23.576617958606136
141,0.5853823745032805
142,0.4937632552645277
143,0.6916776702531471
144,1.9364498498454525
145,1.409685776130313
146,75.077093459054
147,256.64030897274205
148,686.5206835827048
149,1637.3037949404804
150,2681.0813664567127
151,3863.078243890432
152,4482.1804296384125
153,4702.560735559359
154,4322.0192490872005
155,3803.1478757523705
156,3456.650291625184
157,3141.7879812717815
158,2834.5487718802283
159,2593.707969088836
160,1824.821779751764
161,999.9748000590976
162,490.8826913658335
163,204.0909751882765
164,17.068633157535587
165,0.6137421406721237
166,0.7474615022786408
167,0.5315304236557264
168,1.7380573502935115
169,1.4542343800593254
170,17.93354348077758
171,96.4280038837095
172,173.53564813151752
173,274.8641418767342
174,359.02081954948284
175,476.0885233058995
176,680.5280822540046
177,753.4579618139287
178,832.410064021246
179,1210.35832410256
180,1732.5176170741001
181,1877.9147375862863
182,1768.8445440925393
183,2262.1509108339587
184,1316.8996441579322
185,624.8478869290279
186,287.79904950105265
187,176.41561285915287
188,21.767527655411094
189,0.43811452372432313
190,0.43811452372432313
191,0.6334005540823218
192,0.8695016495932639
193,2.7649337609784843
194,77.08837157005041
195,170.71243436654396
196,355.86508297742165
197,915.624477135317
198,1202.3622306024959
199,1891.0666431715201
200,2693.1242115338373
201,2397.360893874566
202,2637.6190731197707
203,2609.4171949466004
204,2589.173712048572
205,2525.2899668917
206,2272.9220913565296
207,1780.2881891149077
208,1211.7100967120386
209,501.86635224322146
210,217.41994178401848
211,67.6377609609747
212,5.374050738152718
213,0.7601468298648735
214,1.6487894775147491
215,1.1952503122518268
216,0.5439022954340398
217,2.347216241149442
218,45.45974907378415
219,131.50574152413938
220,251.30228257326735
221,348.9502789017187
222,480.5051138843357
223,975.0512171944315
224,1885.5266545434647
225,2289.0524944184767
226,1882.441648499726
227,1938.747395523721
228,1578.342525888051
229,1069.7173003358382
230,784.5994540546624
231,650.8317511428463
232,609.3972149423109
233,524.3212739440655
234,184.57855148833426
235,90.13982097329566
236,11.678638366709656
237,0.5574503011157015
238,1.3648348732997744
239,0.44385477561876013
240,0.4656898298547873
241,1.436032279062469
242,41.9320732132508
243,125.48915073569411
244,250.87821637715876
245,927.8697872799273
246,1367.8125751664884
247,1874.6323254333602
248,2228.9077084791325
249,2417.8748954333564
250,1842.0911607011938
251,2363.223020662577
252,2281.984438510743
253,1979.3893221994304
254,1826.3286221362137
255,1858.2519478205963
256,1293.0886508480287
257,916.1846273760702
258,499.5687822887688
259,211.65914506899327
260,59.29826252415742
261,1.5969272287063137
262,1.3402254486267546
263,0.5073456956642988
264,0.5643036502184774
265,3.246400629557385
266,62.77147985302035
267,179.26912392179685
268,320.1953123567054
269,966.4902064157466
270,1324.0674159802581
271,1720.3867362279136
272,1606.8890974651758
273,2025.5281487265838
274,1869.865316882246
275,1604.2258632053881
276,1694.1186525231933
277,1461.9911922921406
278,1517.3493321891447
279,1231.8686520477806
280,954.618348238201
281,425.58080811834924
282,220.2419432205026
283,83.87900302611489
284,13.781003376114363
285,9.240772714690609
286,2.786938002459001
287,1.278715027215145
288,4.268065098584152
289,6.060678754001389
290,74.35281736425014
291,261.136363736062
292,479.6498318201686
293,933.1165998272159
294,1250.4020014269204
295,2049.4010385718157
296,2304.8586757582443
297,2492.8497793264546
298,2510.994267374877
299,2562.1124524090815
300,2633.5597673461257
301,1999.4959039563441
302,2005.6990508400263
303,1861.6849836449646
304,883.5609650172296
305,607.640097883392
306,393.0854875440984
307,172.91193878822486
308,43.87431593463335
309,9.77604284788035
310,5.535081395814534
311,1.6874446417101265
312,4.8238086911109805
313,14.126749820080322
314,64.06204887884317
315,232.63896405443285
316,549.1530882725613
317,877.313549296683
318,1476.6591819196742
319,1977.4256914433702
320,2276.204770566798
321,2828.309755520009
322,3282.0666343713906
323,2937.913399923454
324,2062.8734063033658
325,1717.8399071436459
326,1249.6253873482924
327,797.3125949444081
328,747.2555646053784
329,586.7015197442533
330,196.49839476177902
331,107.41911405943014
332,16.851489992552228
333,0.9176715859150604
334,2.5192665788661484
335,0.45421169174057513
336,1.5064645161779018
337,8.70907847362537
338,31.810575834987368
339,81.71734029496372
340,229.67934995951265
341,515.7919028843496
342,953.0176210202358
343,1106.8278150312174
344,1174.6519194918096
345,1739.2451821579439
346,1755.3699634558652
347,2087.4331683402293
348,1719.5703779409705
349,1326.4026130636316
350,1333.1102531027414
351,1223.4456584424827
352,952.3011536056597
353,483.8679158010101
354,252.53915622835999
355,123.84618587066251
356,24.15117055615358
357,1.6355661713440452
358,2.3502289125252673
359,0.44672070244092793
360,0.6257595843869099
361,8.163920370484915
362,45.34280555482579
363,154.3340233067363
364,360.7469547595296
365,613.4061167188472
366,874.5157390557665
367,1178.602899351552
368,1638.1392375235646
369,1801.1638125566292
370,1670.2130667619017
371,1725.9132558759284
372,1944.2980733588959
373,1808.6452109355778
374,1426.1487032993043
375,908.82652074453
376,793.8131716369796
377,594.2464047362489
378,417.9119514164346
379,171.38256386733636
380,20.31728048976985
381,0.5602034505601983
382,2.23309721491067
383,0.43811452372432313
384,0.4751503982250338
385,9.225990786172073
386,33.20750297728581
387,154.6244733045778
388,286.54097912772386
389,533.0919211865157
390,623.7420112440116
391,751.8538353474212
392,933.5459476528567
393,1137.1586528372584
394,1590.3344943075053
395,1857.319540688304
396,1739.45563665748
397,1672.664124459884
398,1568.9966189560728
399,1092.261619694357
400,817.0079041090462
401,540.2872946900839
402,449.78372308687204
403,204.6549391562074
404,73.52333681124419
405,0.9360617010046232
406,0.8533605419601762
407,0.520790503572582
408,3.793624802653879
409,36.00200852695113
410,165.2028620234426
411,318.94621393126744
412,789.7863011282357
413,1663.7495346207747
414,3086.1324368480323
415,3871.004541647254
416,4530.017574072313
417,4764.642142657892
418,4806.326775759322
419,4705.193751868852
420,4694.555641041488
421,4272.7659857625285
422,3533.395137098139
423,2891.555827957973
424,2181.876858846726
425,1208.6226563285538
426,587.8915025232136
427,346.5023803274564
428,129.33045015629665
429,2.536210971688656
430,0.5206082098454773
431,0.43811452372432313
432,1.244039906317525
433,30.716895127062774
434,137.16832613189925
435,427.0918321090224
436,941.22229333476
437,1329.8593089020821
438,2263.732212877976
439,2743.9785495570036
440,3647.5952360813712
441,3748.2132448464895
442,4434.306209094115
443,3581.4249527949114
444,2168.6925957760213
445,1382.0248357451171
446,1227.7837531151022
447,1230.92859667949
448,1193.337174899516
449,785.9818753157981
450,285.7749928853992
451,163.91184326430567
452,39.64630623903817
453,4.752403987662227
454,0.6211903849050135
455,0.45398309029737344
456,0.4677412451841092
457,7.840838740776705
458,72.31980411785575
459,215.4811502702746
460,462.7677156991935
461,1141.0672270640564
462,2017.2284507626364
463,3168.0141090035318
464,3423.0947509608113
465,3423.381419290136
466,3590.4916080118824
467,4253.517030704823
468,4531.919194915315
469,4091.6067152239875
470,3635.6551663399996
471,2948.466488536916
472,2226.2367878139544
473,1226.9573334779677
474,593.8925994610404
475,352.82492957009475
476,133.54253221317444
477,9.96099588134944
478,0.49359559863699093
479,0.6144457163573271
480,2.0670428893788526
481,22.126427104577097
482,116.75892656999804
483,290.02388147005854
484,738.6059912363276
485,1595.3500957819158
486,2588.421888526474
487,3365.783069067405
488,4250.888312357527
489,4635.906792574575
490,4886.935034693934
491,4887.67483907093
492,4609.059269489563
493,4168.428864500054
494,3540.9589019465357
495,2936.1868708078105
496,2181.8102575772677
497,1220.9755860438868
498,581.5136298011266
499,347.9213115177752
500,132.6582625803191
501,9.603392126940548
502,1.0280425911341846
503,2.542227414348636
504,0.9466013879830537
505,22.389740431088665
506,121.07362977195004
507,290.55026701940136
508,763.8403368313382
509,1459.2981163011502
510,2138.3167937364165
511,3350.495879141718
512,4306.936855951889
513,4785.023700776587
514,4832.06501834474
515,3969.7496300520193
516,3250.0519101914447
517,3242.64898395918
518,3005.334387203148
519,1964.9070036825092
520,1320.7761723309059
521,816.0271948040454
522,434.41569509664185
523,242.159766655574
524,73.55488756478401
525,3.962786411284461
526,0.5773156321644198
527,0.452943507784952
528,0.7718355613750352
529,11.35972667896451
530,62.87656283624136
531,175.18856917398776
532,392.06642392795953
533,722.590690747907
534,1053.7364996051845
535,1588.0550239276097
536,1622.2844267467126
537,1621.2058593114846
538,1136.9306643549066
539,2302.403916048794
540,2728.731933672263
541,3252.2801328572077
542,2852.7945556050286
543,2692.1648439295304
544,1781.7099285433962
545,1120.3373541910992
546,499.90720263833924
547,318.4229208617708
548,132.13371068572036
549,8.418580854309804
550,0.8478721036944916
551,1.0288179638588157
552,0.8244633597096209
553,4.401317214787676
554,48.94539767421139
555,190.62487020688462
556,370.72240924936335
557,282.6059410863314
558,478.93179971072976
559,619.501834161626
560,1252.9505081195853
561,1252.6330661456318
562,1392.9358967782841
563,1425.5070965460538
564,1525.5407058937335
565,1313.3803886089618
566,1285.9279114911767
567,2215.711480756639
568,1316.7181331374825
569,772.6498640511138
570,450.9987641276443
571,210.52819721364398
572,64.63612956065498
573,2.1723117071101035
574,0.4481569924224207
575,0.43811452372432313
576,0.6453242340132059
577,21.40000915862372
578,124.91390828179067
579,261.5920354542021
580,678.0707171745482
581,1639.1029483514676
582,2904.6257383801953
583,3498.0836360919134
584,4264.508063524485
585,4407.205980372226
586,4378.369614645099
587,4249.014023494604
588,3745.0668614363235
589,3592.1909710549494
590,2399.121943647052
591,1783.6935433113847
592,1321.8509530773558
593,1003.1403455614916
594,393.8087076692101
595,307.262556898304
596,122.58436881717539
597,10.472802717672687
598,1.75863612589793
599,0.5251374298777653
600,0.8828981015940607
601,13.194087670025455
602,118.86095742051103
603,262.04482394349657
604,654.036120499436
605,1499.2049050313783
606,2284.1453657175607
607,3360.2746837492373
608,3919.9206543529835
609,4195.857931062099
610,4109.602769970377
611,4036.4521413214325
612,4523.350398989957
613,4014.2839952411264
614,3215.5642486061774
615,1877.7153290358813
616,1312.03148346112
617,838.3247464870306
618,516.0920500007244
619,297.7000290410108
620,98.9119807920718
621,8.091698721795716
622,0.625357171794872
623,0.43811452372432313
624,0.6592088397253553
625,12.236403746929845
626,109.63041157971335
627,266.14285684871663
628,542.2942481318405
629,733.7831150341854
630,925.2312050433984
631,1177.4774614443631
632,1094.9056760659378
633,989.2770918555166
634,1527.2697926451408
635,1245.1045114777107
636,1178.4278817141321
637,1281.7906759465495
638,1103.4721420541857
639,1080.9668801435039
640,919.5746905838312
641,329.88752844000254
642,158.55467513565145
643,76.42233443630505
644,24.427556643076507
645,1.3467207602560696
646,0.6456191045963839
647,0.4867238809170259
648,1.4323816972858512
649,6.471385074247677
650,41.37745611750756
651,124.97083922598307
652,203.10368160876598
653,293.3535268552612
654,489.5070202129187
655,738.773340827883
656,779.0129035048421
657,1053.218404657818
658,1017.6720762725308
659,1009.5560534024237
660,893.264794891988
661,967.7824182973768
662,837.2336275059013
663,815.6698575666157
664,632.1756806487845
665,383.80480015137107
666,220.60965547634376
667,94.5546009047127
668,24.615476900536986
669,2.4329033219252802
670,0.4964594993613406
671,0.4389104431429578
672,1.3899311561354177
673,16.421997199371358
674,117.98531283895709
675,272.877058372611
676,690.9182143571868
677,1141.9901395414545
678,1983.9518402653048
679,2951.801224258825
680,3288.4058934847994
681,3719.889870600484
682,4146.05922768633
683,4112.669450722651
684,3312.2411439719845
685,3538.26580900415
686,2869.6918714444528
687,2021.974922671912
688,1483.9529242919157
689,792.7446879410711
690,472.6816451361833
691,277.8119686866349
692,81.12760589512813
693,6.452834294704557
694,1.5424265986433228
695,1.002562494259204
696,1.083025624886365
697,31.814249978241097
698,109.14504474523535
699,248.82882910506004
700,505.036761241067
701,784.1273355327876
702,1123.2346807357028
703,973.9390605903707
704,1306.189976730288
705,2409.867526688637
706,2725.676982624068
707,2920.6969951861824
708,3066.4993921526407
709,3055.9233017502215
710,2106.462584557295
711,1322.0051739313176
712,731.1591550165681
713,379.28224709322745
714,294.1114364774459
715,216.7543756834254
716,69.86875573742299
717,3.61043300026462
718,0.4706444193034869
719,0.4411878824677202
720,2.1421430376970587
721,2.3658330407366055
722,3.1490914570193596
723,28.366825733365353
724,52.71546048405774
725,147.33341188596728
726,245.9307039995732
727,413.11133185451814
728,382.22869755435096
729,433.63235780971337
730,466.2657121256534
731,517.1692840673509
732,420.23190381228216
733,308.820950341198
734,346.4695418808248
735,233.37997194687802
736,199.28523385291942
737,131.30410436828384
738,93.559790503912
739,69.52453371201202
740,18.946693768151114
741,2.631858628166951
742,1.0326056680757434
743,1.7475050702521817
744,3.0609075130881904
745,1.9385514234903036
746,3.1926974290575663
747,20.977642127448895
748,81.47376000455353
749,208.6814000798674
750,281.67744603101806
751,371.70379077052286
752,497.09354315607726
753,528.842141350462
754,596.8188067269728
755,614.1590558906407
756,607.4314554919965
757,559.1117143641009
758,439.0230940594496
759,371.0200750633804
760,262.0280891710854
761,148.37995778723084
762,61.19188507015772
763,15.892327777682814
764,8.369110187846845
765,17.56640087267524
766,10.622074072717009
767,7.193803328333177
768,7.927597564933524
769,2.9692255732963044
770,18.599259244577738
771,51.27834244412128
772,135.55030221939208
773,263.4597252603717
774,441.77022717694683
775,544.771251649501
776,691.7904897087508
777,807.101876790749
778,976.9387971917449
779,886.2288090148061
780,775.6154785954807
781,611.1969317713974
782,580.0085228615035
783,412.52141551050534
784,211.8443402730561
785,118.850432217864
786,72.60981109855246
787,23.104697926978638
788,5.253766571741137
789,9.112017341722815
790,2.2977429119861847
791,1.814325000168283
792,1.4198776066346728
793,1.6731557236613313
794,6.391983566926866
795,25.954764295820013
796,78.94100246213736
797,172.780438200964
798,349.8714843988402
799,549.5351867415961
800,715.52597732598
801,628.7292946608507
802,645.3098527715131
803,643.4412031703116
804,653.1295633016884
805,487.71754184424157
806,527.114672964284
807,468.55047914343703
808,286.5754096112884
809,178.65963645104955
810,71.61582137329809
811,19.868841364421677
812,6.497507896286091
813,9.710877149021517
814,11.809499233069658
815,26.075789763212352
816,13.668322148761414
817,13.421780926946848
818,19.29472459985582
819,71.28815943478509
820,134.70457906521847
821,195.62987703336267
822,392.7642473658536
823,530.6546595355273
824,708.7831448084144
825,818.4243771101801
826,875.7408209251894
827,879.7736248921497
828,868.5027378650084
829,838.7136065546158
830,660.3089524837696
831,488.8070256908679
832,300.0883905898239
833,175.9313171772916
834,106.15432476098078
835,40.41415366407253
836,33.35063148324048
837,19.287197547916666
838,17.575541090909987
839,25.93287995253756
840,47.812818840851094
841,36.742058637780126
842,32.80022622878792
843,62.47518096693683
844,155.14995148556497
845,335.93425984062173
846,463.73419188612405
847,556.5013055372697
848,676.6732818715914
849,672.7645175225682
850,662.3970467249551
851,572.2358664128078
852,565.0544148443371
853,644.6238833111556
854,569.920347125965
855,486.8766284159838
856,323.1362702288864
857,185.377726717173
858,98.17390304913363
859,27.519804197846135
860,16.785668039493004
861,63.30965378235402
862,49.662960486684966
863,11.786667430712193
864,19.259245277982625
865,10.954825844700185
866,24.994107461001107
867,67.23769037520829
868,167.02157048301632
869,347.9773010331955
870,477.97369748967475
871,655.6788192005149
872,687.2665028959559
873,888.1822840584086
874,854.0774374018031
875,798.9184953819363
876,670.6144441355179
877,661.9881003965315
878,574.4299119798291
879,473.1969178573432
880,283.6395899294303
881,184.02767496413315
882,87.92367605924773
883,34.806464413649735
884,32.85852355358516
885,102.0911578623655
886,83.08870919585057
887,73.30869155543846
888,66.59744620726619
889,17.887564282885474
890,13.733679370986746
891,28.446402614811376
892,48.11577568302206
893,59.38132710138066
894,70.13147772715391
895,78.7129785592965
896,151.40309725204986
897,210.1609821036711
898,241.21459558983446
899,276.7147206632771
900,316.09493781074946
901,398.95977996326826
902,389.3244742988479
903,323.61392696677143
904,224.09897547108392
905,140.93485369217402
906,69.6682823673504
907,39.653034677073684
908,15.9192816377145
909,10.069609358681742
910,6.326802415361871
911,9.291412463671223
912,3.3426163678941387
913,2.9089504070197525
914,19.1117415127011
915,49.82978417134502
916,88.03078017340249
917,124.91887192178717
918,213.96570452648166
919,304.1526238681567
920,362.91516872253135
921,353.0337204210346
922,428.0745435474126
923,497.97281802464215
924,504.45085898672227
925,446.1282389688559
926,366.5119214693131
927,311.37939809843937
928,232.42921882573245
929,140.70105295563496
930,89.9977520551295
931,30.72277300600587
932,16.57971805534744
933,16.521685968081133
934,16.42815946482377
935,12.082898189822426
936,45.80132232974631
937,52.845745984052314
938,16.012784308292446
939,32.517581924450134
940,60.780966722652224
941,76.71277945430724
942,112.3712866414451
943,245.68350988619954
944,416.03047408218066
945,448.69318915402636
946,484.5743696654095
947,546.2651692224968
948,365.8865257016841
949,290.5454588987697
950,217.11292282344033
951,201.95276215187232
952,111.6755247520872
953,90.94041057515933
954,51.61050868176301
955,36.92764817634995
956,44.939277583282454
957,13.511124787812657
958,6.938801371112868
959,18.429850739981987
960,38.228701692566375
961,35.10958942094522
962,15.795561312620412
963,32.87875505060597
964,60.161550595863716
965,124.86167035884549
966,224.09682251798375
967,294.080974819344
968,373.3314060534645
969,443.64509280808653
970,386.2342501718767
971,443.6612825016667
972,461.7374718443733
973,418.80203598810743
974,378.45707835789955
975,197.27362789435813
976,234.07584029036204
977,170.8848717508912
978,107.92175616954643
979,48.438328524372864
980,14.910276210359676
981,7.355056971878215
982,7.080399551297047
983,5.926922630489554
984,17.9568624656144
985,17.06208060141615
986,35.16213783725658
987,57.92059981734694
988,106.42304435176797
989,200.19758415433438
990,262.40347217843924
991,263.7183846236247
992,375.3953187975373
993,429.1515705539055
994,449.97264433657676
995,434.79867279898235
996,348.5380591143294
997,274.50463770148957
998,239.42412732226614
999,154.7669023556223
1000,152.00610106784796
1001,117.77817805223361
1002,77.58876453168035
1003,61.1048292638261
1004,33.99863367729175
1005,52.824928346100926
1006,47.500473105574514
1007,61.647055266731236
1008,29.778077500125224
1009,62.9780039437568
1010,82.73203437646313
1011,76.64050111802226
1012,113.01180726854635
1013,184.3961507857545
1014,252.4542690504058
1015,365.9873333022618
1016,517.8477468666144
1017,550.1063476074951
1018,475.9865600964934
1019,499.48283783117023
1020,483.2484108696393
1021,455.0909046443938
1022,467.7558125211272
1023,232.29889680929358
1024,196.30865921272058
1025,159.34036091475394
1026,91.88976547854605
1027,97.70122308558079
1028,70.01130153961273
1029,42.76179304971703
1030,30.72160057052197
1031,29.72819822840483
1032,11.444585667723333
1033,26.547288641331622
1034,32.12090177339218
1035,66.63845436772641
1036,130.67693557665805
1037,236.40742343141005
1038,267.1613822203536
1039,270.11706019549996
1040,477.1635832045965
1041,466.9466630746634
1042,529.3095280078214
1043,474.5732745007827
1044,457.73722227879426
1045,439.88550660463517
1046,338.02405450048906
1047,231.82220726529465
1048,140.10564667978457
1049,109.12763873992881
1050,73.67247210332306
1051,50.98705565250141
1052,63.496736921634685
1053,51.267574423281985
1054,72.2783524933503
1055,73.49534293909002
1056,42.2004148506448
1057,46.72817987731151
1058,34.00801616432586
1059,38.67332754727755
1060,60.45607810858859
1061,112.08417891698942
1062,194.86526316527315
1063,246.0001544473012
1064,292.17929157308146
1065,349.90137004790284
1066,367.68389449072697
1067,402.1980282444585
1068,364.5408399097326
1069,324.23243654800194
1070,304.37989710438626
1071,215.89782325327016
1072,166.5343597989571
1073,145.40923395728535
1074,86.34959864282678
1075,54.1756614888696
1076,58.15493296313088
1077,42.624111968513915
1078,53.903454235694895
1079,64.36094592777354
1080,54.31860609306507
1081,31.166651239832976
1082,18.81746236138416
1083,47.23577212234409
1084,82.56744594194332
1085,134.7856793390048
1086,156.77282778838463
1087,252.5123320336596
1088,380.5184963229925
1089,457.0987787391728
1090,489.67172100004876
1091,508.7895710878629
1092,477.04310926898796
1093,420.8782388826224
1094,313.26647366721664
1095,244.82023138327054
1096,166.74684794247494
1097,172.12280238969225
1098,105.13533753874724
1099,62.1922946842037
1100,46.30164265856148
1101,38.581352303593974
1102,14.304171592994106
1103,13.280575906042852
1104,15.097483741605991
1105,16.710548963735146
1106,14.97856814692124
1107,33.73674055667348
1108,63.637831716530684
1109,100.03535265847336
1110,133.68892274380633
1111,222.72847637032044
1112,287.86769446078483
1113,307.93126068841894
1114,348.5359392084173
1115,372.13094095550883
1116,360.57163675791475
1117,338.3807247369546
1118,294.2937290835089
1119,240.25542121038575
1120,178.51797293931273
1121,154.43875431056802
1122,106.58973857291875
1123,60.45293176433283
1124,35.12609768102247
1125,9.794251104994128
1126,15.37012520450634
1127,16.22698533977188
1128,5.904919838826585
1129,13.99964570535925
1130,43.670070202612784
1131,102.08629976893998
1132,204.81326323472445
1133,369.9350931193496
1134,534.586702082489
1135,687.9306205400674
1136,849.3383003908516
1137,969.0586249608868
1138,1012.1931583018359
1139,1005.1560311492574
1140,990.2489172497112
1141,894.6295593796006
1142,708.2155420207644
1143,515.2218932132057
1144,382.804158535065
1145,254.3697902090473
1146,156.24174544717388
1147,64.92402358654032
1148,26.78748307007517
1149,9.34834724294019
1150,8.366844741533567
1151,13.8400105770151
1152,48.581053113334605
1153,39.79355711114722
1154,59.2378448403678
1155,102.03593903597161
1156,171.14514398266888
1157,259.36887357465974
1158,387.8160636234337
1159,532.806278360915
1160,575.8841121638843
1161,755.1137239476332
1162,852.8911361953078
1163,656.3706210372552
1164,459.43130424576185
1165,400.01133407737024
1166,323.5009996309839
1167,283.3428198754097
1168,216.13153249944793
1169,131.71667611524222
1170,102.25512001140686
1171,77.26123744325712
1172,48.95055489931595
1173,28.91489812142205
1174,54.72217561583812
1175,43.11973828523461
1176,31.11753814292614
1177,27.374085616664093
1178,57.11003079130074
1179,79.28637483244151
1180,130.80752185322967
1181,213.04584771603112
1182,384.9474724792347
1183,486.8553622078453
1184,493.5584397297818
1185,714.2139056495266
1186,769.5470419599092
1187,784.8277401942987
1188,951.5080638748061
1189,885.140945221865
1190,697.557561622426
1191,558.9786174812341
1192,404.1481665235255
1193,270.201900043136
1194,157.09770382112805
1195,74.65154456697009
1196,33.58237632778645
1197,42.52060116899476
1198,46.649064311426365
1199,42.059384206659814
1200,68.59913276673132
1201,56.969248446544135
1202,61.76581404613171
1203,99.18368468903714
1204,190.85428126502762
1205,329.0306591451758
1206,471.4957336076408
1207,602.754205571807
1208,703.3004494011566
1209,901.1824575446844
1210,965.5259109889944
1211,969.5357858506025
1212,927.4415450020456
1213,863.7537999747105
1214,671.0140891137396
1215,532.7928063240727
1216,402.7882403984015
1217,252.27644662993282
1218,143.21307457986944
1219,64.20679266422044
1220,25.17046404463956
1221,38.18781118790474
1222,41.505051138085875
1223,51.58431221128761
1224,44.38457712501975
1225,35.6645045875919
1226,33.73447943804725
1227,96.30415828769085
1228,191.7109440542617
1229,304.61510747352406
1230,442.1864978091435
1231,616.3991582332039
1232,767.9934026464816
1233,837.4439002561978
1234,854.4411732006806
1235,798.478863320863
1236,605.8824346658998
1237,669.7395135511924
1238,488.0748358445571
1239,354.31753958731593
1240,271.51279959630034
1241,196.8029459342378
1242,129.3043369610495
1243,67.7300838764896
1244,54.41135254605834
1245,22.044964292014235
1246,13.95856789810832
1247,19.129075227397536
1248,38.4286273540372
1249,29.0933857519041
1250,55.64201153542827
1251,76.16111252852606
1252,119.45231682774052
1253,171.44863958034924
1254,206.61921372028678
1255,322.9735851788154
1256,345.72569479168214
1257,302.0197727393672
1258,308.2340461233993
1259,495.03836183500044
1260,507.05102470137484
1261,720.4646389872071
1262,636.9674074313016
1263,517.3458925381049
1264,334.21422292624044
1265,221.56366096311734
1266,117.49082088553331
1267,107.7546509623866
1268,91.48451022297175
1269,26.380267769174154
1270,41.008345698109395
1271,46.9140102054138
1272,31.89623939279567
1273,59.71960141767149
1274,60.44162008787923
1275,73.05482498928333
1276,99.27623317736507
1277,76.00675670292011
1278,104.93435523770631
1279,194.3305969595326
1280,281.5993277541467
1281,261.2590255103564
1282,299.7967115072311
1283,334.97602387184185
1284,347.5327952477449
1285,266.96339653540457
1286,267.1354003903763
1287,399.35845912198243
1288,281.0835723740951
1289,171.30074068612362
1290,114.1385000504053
1291,44.852497519850345
1292,14.619576154653345
1293,3.264949149943799
1294,4.17691854106236
1295,5.523019246230666
1296,8.980367293552966
1297,8.353215303185372
1298,37.975082956028736
1299,100.11462119021287
1300,180.73800499087451
1301,308.7155546811797
1302,490.8362535166571
1303,617.0614549248355
1304,726.5003399898487
1305,802.6603772517278
1306,830.1187487202344
1307,836.7269659784722
1308,810.2535719444111
1309,735.7736790599911
1310,542.5155492852862
1311,400.9358975249968
1312,311.44832508205445
1313,230.96554281794033
1314,142.6688945611417
1315,84.63466746396057
1316,66.72852796303167
1317,62.53115438864981
1318,46.37956517994658
1319,19.343235705015175
1320,15.789514917777295
1321,17.713194001925316
1322,49.17479490256339
1323,91.50956291632407
1324,159.34494574573014
1325,314.7089342771556
1326,466.993838250958
1327,571.0714228858183
1328,729.8720300771363
1329,798.3795328777117
1330,842.1648807092029
1331,829.1050461254431
1332,816.4967422200507
1333,735.9828178099203
1334,606.4481888444243
1335,392.4874830950704
1336,296.114433524533
1337,189.57968323152053
1338,132.85467017516805
1339,80.13398172509325
1340,51.740432014249464
1341,25.562764952928852
1342,27.56043737436565
1343,39.34755399505326
1344,50.009001303706484
1345,35.44772212879859
1346,59.462757527462735
1347,86.52095558518192
1348,146.7893727406556
1349,186.42814320674302
1350,180.60536866017026
1351,223.67043938656747
1352,236.65309085683714
1353,241.90381453295942
1354,360.56299162282033
1355,331.80355291729694
1356,298.4511150435965
1357,278.22060751571263
1358,216.83136977247713
1359,225.24709605651316
1360,160.02980062505577
1361,108.84478013576035
1362,58.26751171427223
1363,28.53633959654544
1364,27.824481799614784
1365,17.655720771714147
1366,19.120146260620427
1367,20.109293751299393
1368,22.5563627329658
1369,14.25256281073774
1370,23.770198936038803
1371,45.43532713512618
1372,47.37957334285027
1373,78.65521723458362
1374,103.19432424029074
1375,225.66964274037338
1376,206.9014870772594
1377,216.47101610085247
1378,207.7997344935821
1379,250.10000599048522
1380,229.69523189304755
1381,247.1850083416343
1382,234.9573449594623
1383,230.68417649315282
1384,156.43685458197405
1385,118.11045774209286
1386,64.87883342590277
1387,34.16405039808437
1388,35.90982912074731
1389,34.87613658507327
1390,20.08192737640045
1391,16.48994234062394
1392,121.15946518362657
1393,84.57722133362111
1394,70.2773256279531
1395,109.64623342536233
1396,180.66153553063444
1397,216.80160358809263
1398,245.70422478066632
1399,331.52612825753437
1400,402.39678032982323
1401,580.2921291868981
1402,589.6081939172468
1403,534.0027351312121
1404,510.19165083503634
1405,533.6722621210288
1406,409.3033704798759
1407,293.4022707168342
1408,205.21407755301794
1409,146.36401346540157
1410,125.15367097638415
1411,79.67525840780505
1412,52.54163873992768
1413,97.92307674397273
1414,114.48052470402851
1415,103.93849029086172
1416,125.04783346808159
1417,88.80854859276764
1418,66.71492707969234
1419,90.78811252615547
1420,119.2029689216683
1421,163.25919218496944
1422,170.7586129621318
1423,227.2315835400853
1424,281.31343797426615
1425,407.48741009498445
1426,479.3479408034615
1427,510.55885301674886
1428,527.1590568120164
1429,467.32860237607287
1430,342.65984722574643
1431,302.5863481903817
1432,183.6484826469651
1433,128.1807164690298
1434,69.97034025379446
1435,47.196185417772384
1436,18.882942777854424
1437,20.73381634136352
1438,23.861173297098766
1439,15.632250574439958
1440,0.43811452372432313
1441,0.43811452372432313
1442,0.45923038347142975
1443,15.984636772047628
1444,52.12086172529221
1445,131.66880807269422
1446,173.3534966025647
1447,388.2998757563211
1448,376.8360382578669
1449,415.8327594836589
1450,454.36889763302185
1451,497.86046623456144
1452,408.6012567429188
1453,447.1748502290443
1454,348.97703821236763
1455,241.42081573757406
1456,197.609305344015
1457,134.72803220265305
1458,71.2723729005028
1459,12.018612019192858
1460,1.054119179279523
1461,0.47128535448330794
1462,0.43811452372432313
1463,0.43811452372432313
1464,0.43811452372432313
1465,0.5436941734641054
1466,0.5844159459861696
1467,16.27324985211624
1468,71.10062893271188
1469,158.1128987719122
1470,198.72865141062033
1471,323.10874319362125
1472,464.07846577172967
1473,523.7642293950935
1474,599.2848106042416
1475,609.8649719366088
1476,587.0879140597247
1477,544.4380421805301
1478,419.8921196288922
1479,381.5606095072586
1480,264.7122728120747
1481,153.09663816639906
1482,59.82965929325227
1483,20.23153689409766
1484,2.380199638346877
1485,0.942748626640096
1486,0.43811452372432313
1487,0.43811452372432313
1488,0.4568173233663607
1489,0.8542704752368437
1490,6.278657196863849
1491,43.770386572553875
1492,88.65830357555743
1493,192.81352381429554
1494,334.72431594916395
1495,486.1067005999619
1496,621.2433279536269
1497,723.919566563661
1498,844.6943067361603
1499,793.1016107856667
1500,672.7129631351991
1501,579.0729058923223
1502,574.3364682555584
1503,411.0758376110365
1504,209.314298682664
1505,116.27403419061147
1506,71.4311795450697
1507,25.818249444934846
1508,1.5418066350085393
1509,0.4708195761991282
1510,0.4509628627670409
1511,0.43811452372432313
1512,0.48303347134009567
1513,0.4573773790019926
1514,3.7585663505988682
1515,24.878544000367633
1516,70.51003060156566
1517,147.69277558910005
1518,290.06463519582115
1519,475.9756068049191
1520,563.5160186236685
1521,591.0480236199667
1522,586.3247268506252
1523,614.4197509266767
1524,643.3945108924111
1525,457.53739590013146
1526,474.07634525644715
1527,461.96573069788167
1528,294.08432403323945
1529,173.78753251777613
1530,68.7229321665946
1531,20.727065118750616
1532,3.619926384378352
1533,0.5168780318708144
1534,0.4614755563253837
1535,0.43811452372432313
1536,0.5161629173783975
1537,0.44112432974237786
1538,7.736587705002224
1539,45.18225792891816
1540,104.89478955709276
1541,157.56907526640276
1542,321.1987373542575
1543,482.89804897034054
1544,620.5889346417698
1545,689.4256514618801
1546,756.4306044273912
1547,772.7677690634973
1548,776.8827401364672
1549,750.1028343332441
1550,589.2440724935809
1551,474.1817974575842
1552,316.84852498161575
1553,187.58203270499217
1554,99.93628497350751
1555,28.445229111110418
1556,7.170405311837124
1557,0.9313086955721819
1558,0.5758935948033215
1559,0.6289365967414884
1560,0.6598681176075251
1561,0.6745699895888186
1562,11.072671303167226
1563,39.80085134629276
1564,98.12452647263459
1565,209.36073774517578
1566,373.7478473619249
1567,479.4418294489385
1568,597.2540561379001
1569,624.4614617638842
1570,670.4518690212756
1571,582.1942208687788
1572,576.7415359388397
1573,626.6857638346978
1574,564.7429597612459
1575,480.2400477572241
1576,330.6302267073403
1577,178.80053311882352
1578,95.97521139503168
1579,26.708143903362473
1580,4.9907033968702255
1581,0.6309762402008905
1582,0.6135849631775449
1583,0.6955564174971638
1584,1.0281673991817848
1585,0.5013930459457379
1586,10.822149231113167
1587,40.45866112578069
1588,100.70515817166155
1589,222.8784257321852
1590,388.07929422228466
1591,550.243179309992
1592,663.7681082457709
1593,705.1149891664522
1594,754.0578768530763
1595,752.268985164028
1596,663.5806964107551
1597,594.6570785455476
1598,549.3863291131092
1599,456.5080617738816
1600,282.5236740929426
1601,192.84877740972934
1602,96.53269979678073
1603,32.63943883865175
1604,11.514387209143194
1605,1.1976280436014988
1606,1.21782418846453
1607,0.4496666377683378
1608,0.7493229990945862
1609,0.6716806554807498
1610,7.1358026706089435
1611,21.217034177479995
1612,38.167845589525754
1613,57.2632001208025
1614,72.97718585866262
1615,80.63235974603903
1616,144.39378664541056
1617,188.97895949678573
1618,233.4263547475619
1619,281.52614793154504
1620,302.738080864389
1621,390.9897151756226
1622,370.3827241312874
1623,322.03876982913346
1624,244.41819724004606
1625,131.49565898631613
1626,73.7485242206101
1627,46.34944361804847
1628,6.9371879289910074
1629,1.1782373042546899
1630,0.43811452372432313
1631,0.44760341133568166
1632,0.4387594821567634
1633,0.5507499743806874
1634,12.098584864244653
1635,37.523930149976934
1636,64.30431700795552
1637,108.48292866254073
1638,208.38376720203476
1639,281.1003755589535
1640,384.49188877108685
1641,432.92274729304734
1642,432.5357661412664
1643,507.7385893208961
1644,524.3631034772068
1645,454.3414981844898
1646,372.3231696416705
1647,277.3855199956861
1648,219.8287688339249
1649,136.3691601494911
1650,81.67971723914417
1651,27.55390682488257
1652,9.23878081319421
1653,3.6590835423882337
1654,2.135286368415065
1655,0.5665056149086415
1656,0.4850656339746973
1657,0.5965654573477994
1658,7.525169962027238
1659,34.59502289934477
1660,49.61043069106036
1661,68.58721473725464
1662,101.53557904432216
1663,243.0520113701976
1664,405.47639343920264
1665,429.5679708146649
1666,479.0451147063218
1667,560.2603758291875
1668,375.99812490244466
1669,323.19644389693536
1670,221.82999037771157
1671,195.22785762162522
1672,106.81226755911618
1673,91.85126261491627
1674,43.82889405729186
1675,24.084959196451152
1676,12.392815277142969
1677,3.6762815742042747
1678,1.5890966750099207
1679,0.43954958669793237
1680,0.43811452372432313
1681,0.6006779874107697
1682,6.066620095616246
1683,29.633091346584536
1684,54.997746960136546
1685,102.0461301975428
1686,218.86056539310775
1687,272.88089268541046
1688,392.1340241913676
1689,336.8112893481334
1690,351.42601492068775
1691,378.8657243408799
1692,414.4293213892662
1693,406.7623630842871
1694,353.5931859806554
1695,216.90761445444681
1696,250.562741740783
1697,184.09438565693904
1698,110.71977994665508
1699,46.05806377425126
1700,8.665023347011305
1701,1.7095873617941377
1702,1.9581934833546548
1703,0.5093294111515073
1704,0.43811452372432313
1705,0.6672703795692816
1706,13.553794107848809
1707,46.06045807873877
1708,78.53098243887419
1709,190.1736392003143
1710,244.50529762928312
1711,263.4476189741782
1712,372.26723324115795
1713,422.25923925196497
1714,454.1357755823038
1715,452.8664774519471
1716,360.0107916516918
1717,286.33404021951816
1718,235.07352107975674
1719,169.3368249036073
1720,176.8362347239476
1721,109.32833543239515
1722,77.16241321575619
1723,43.144531099060586
1724,17.343911732687246
1725,24.794829892448476
1726,5.173951905980937
1727,0.5131832510382401
1728,2.147925579060811
1729,4.44414575793848
1730,20.323125431803817
1731,53.89617502093603
1732,88.13131650705154
1733,150.22041252601338
1734,241.09886152365817
1735,322.73527744302913
1736,528.3724315942586
1737,544.2259660690661
1738,478.5824230163628
1739,521.5009635003278
1740,486.7758411047302
1741,440.3990009749925
1742,431.72230948582825
1743,229.79290352530109
1744,182.9709359972101
1745,157.0199995554927
1746,90.87804889202224
1747,93.50701432339235
1748,24.075145963411238
1749,35.52257479075609
1750,11.972109202716464
1751,2.3889636623168498
1752,2.453741637472534
1753,12.544880910399446
1754,14.531218672939474
1755,45.99838399878345
1756,105.81821570020588
1757,225.9953941775744
1758,268.11061507542274
1759,285.9223981327459
1760,469.25128849479137
1761,463.576598412138
1762,505.418036197244
1763,468.49018264370915
1764,445.63231954206185
1765,434.26089243640416
1766,338.9368640005778
1767,225.12167703409312
1768,141.98432880075922
1769,115.74920104208738
1770,73.17739511500002
1771,45.520686350845025
1772,26.773265069441223
1773,26.027387935160295
1774,7.487621490416229
1775,0.43811452372432313
1776,2.4450566619211815
1777,8.111453867399774
1778,7.222309690693258
1779,24.858676439220055
1780,48.73376276492341
1781,96.50530879430531
1782,178.0543997276605
1783,257.18068536635525
1784,276.0313844347586
1785,335.78388703218326
1786,363.947769780402
1787,390.53645570611184
1788,349.16426702200624
1789,310.76646264090306
1790,289.3491310728313
1791,225.2817801936448
1792,164.25695248797166
1793,142.36917938228692
1794,83.49326966433559
1795,44.985367759065824
1796,20.87994709871976
1797,26.405748654323567
1798,6.620066252682856
1799,0.47272322050642523
1800,0.7548257137249711
1801,3.5349813830614885
1802,9.017078516287249
1803,37.86644343586305
1804,70.46806890257528
1805,123.35801873593618
1806,153.229643222199
1807,254.9926110321641
1808,383.2076887588999
1809,482.2071699804914
1810,516.1925576532365
1811,533.6858998867192
1812,473.3455348860363
1813,413.4413125523733
1814,309.7013898976434
1815,236.9685246072948
1816,159.87314824338182
1817,171.14272421962124
1818,101.4908836971205
1819,53.883699321094355
1820,18.209636611566076
1821,20.864181555726233
1822,6.44107014482298
1823,0.4718282599655208
1824,0.4394943990785014
1825,10.246445242394513
1826,7.075666113303891
1827,31.666010661804314
1828,59.176164735576286
1829,95.82004274609343
1830,142.35669978206062
1831,226.44314561580714
1832,295.4375000392337
1833,314.68893209144807
1834,363.35851567073297
1835,374.5154284149706
1836,375.8061099787076
1837,336.7603737913695
1838,300.3843053630678
1839,239.0244207620387
1840,172.35917906265558
1841,148.69112884788396
1842,96.40039488189794
1843,52.47200176979578
1844,35.34311951729167
1845,7.270502476402677
1846,0.5745910007657108
1847,0.6044881764579906
1848,1.2858465385070805
1849,7.402884463384856
1850,24.351322897031118
1851,70.35238402533905
1852,144.3168792349341
1853,221.70241822289944
1854,424.02974658504
1855,607.4453126733781
1856,705.4478555476139
1857,838.9677067465234
1858,898.6761909928662
1859,885.9173500961008
1860,914.9951109241777
1861,839.4888991661253
1862,644.4330282478641
1863,511.8819450082951
1864,377.0278309215947
1865,253.3650889738493
1866,140.55136177950038
1867,61.69430795741305
1868,24.042075289748862
1869,1.5913053780404773
1870,0.6134310883319773
1871,0.4529619936669601
1872,0.9841159005247326
1873,3.973015083608597
1874,24.893129816423862
1875,66.32440664508775
1876,136.34276201816084
1877,190.05324753028208
1878,345.3008286492647
1879,508.5314477237048
1880,543.1802508588057
1881,668.7408020645487
1882,728.65740686923
1883,630.5298937386492
1884,452.35800909284296
1885,407.65498099136073
1886,324.4229058851852
1887,258.04145078843516
1888,230.65858341354794
1889,155.28974929129012
1890,97.20502919370364
1891,60.48602391019458
1892,29.39792786043599
1893,3.3846975338589855
1894,0.5715088132530968
1895,0.8733641067614711
1896,0.4477964294951184
1897,2.002323975282409
1898,10.918203142814122
1899,45.94592891708737
1900,108.87879673010053
1901,210.48208435619065
1902,313.44874904240606
1903,490.3779411032677
1904,523.2290329422301
1905,655.1145121296472
1906,751.2108466716807
1907,767.1951753718092
1908,876.8971008531394
1909,804.7077487169736
1910,655.723490620345
1911,541.7991240472509
1912,388.5397834837223
1913,264.2073329252212
1914,146.4754092517078
1915,62.04860973667789
1916,20.729055369260674
1917,0.6075476943476902
1918,0.4769795099249769
1919,0.43811452372432313
1920,0.8811955975785729
1921,2.2187832083023564
1922,21.753617271561943
1923,59.51493474552372
1924,117.77784922915855
1925,223.18910811700732
1926,370.84801499707856
1927,558.237349564889
1928,662.6137447297735
1929,801.5965764156565
1930,891.7819789710779
1931,908.462752451554
1932,873.2812741446228
1933,808.6380923068186
1934,643.3492907277052
1935,530.2663652544775
1936,387.98087022685667
1937,248.98936835922018
1938,137.51003985122048
1939,56.538054729398695
1940,20.12197834779279
1941,2.2471805801544944
1942,2.908525175852774
1943,5.67667833186917
1944,1.2246489320000808
1945,1.818948467472244
1946,20.150487547533082
1947,61.25892405098695
1948,123.50230723397118
1949,225.42097819672432
1950,384.09874940115765
1951,573.2382878053745
1952,691.3227732480104
1953,810.6708216831382
1954,848.9968965009327
1955,787.1461535167277
1956,573.0399054839959
1957,629.2118827648292
1958,478.7587797360857
1959,351.8674458134828
1960,263.79688315567614
1961,187.58814476767193
1962,114.62409912915045
1963,65.79619756518582
1964,42.885322671095565
1965,1.665669411307738
1966,0.7285985206818861
1967,0.4722922607581611
1968,0.4436859596547656
1969,2.8446654234657887
1970,9.710921035414298
1971,36.096115454253
1972,70.05676560875585
1973,167.35565274486868
1974,193.58208152199296
1975,290.5606781767352
1976,344.3329763224254
1977,280.69177038280395
1978,309.07706908531014
1979,462.42111067807934
1980,589.9666182178526
1981,616.1676121105636
1982,587.9043937277095
1983,492.839604640818
1984,306.0312341722303
1985,225.2687844439026
1986,116.0664684071514
1987,91.95932372927517
1988,83.4869090297159
1989,6.743816149704268
1990,1.4080490880420322
1991,0.8962083910856167
1992,0.9095047800317488
1993,2.5481977239889932
1994,6.171674355475824
1995,28.765006587136952
1996,46.3700794884663
1997,65.03711486213359
1998,96.72293856687124
1999,182.08603788343473
2000,265.44950026442046
2001,283.7245310158415
2002,323.46162735739733
2003,339.4249079835179
2004,372.9308251470938
2005,313.8616580592813
2006,272.3567634369948
2007,418.5272982696262
2008,261.10349915360416
2009,161.62125600534623
2010,118.66299603234093
2011,44.62050006502059
2012,17.628596878495305
2013,2.070061981177437
2014,1.278223869184862
2015,0.43811452372432313
2016,0.5367951946496609
2017,1.7567200842803259
2018,20.56863880327258
2019,52.474234599482614
2020,105.12877366865554
2021,218.15085044027546
2022,393.63839714265947
2023,568.9841099005614
2024,681.5425808569773
2025,768.6153729034472
2026,767.1650331384785
2027,789.1274790012524
2028,808.5832148179461
2029,746.8955592578848
2030,556.7549719206145
2031,391.60694155014806
2032,309.9572725829135
2033,233.495208111422
2034,130.51378130440222
2035,76.68021012472573
2036,51.71801628639806
2037,13.873579590960393
2038,0.5704673834940474
2039,0.4605679430184727
2040,0.4457038381723037
2041,1.5660367486180142
2042,21.78873371367073
2043,54.26145936822233
2044,111.49501659926213
2045,217.81306757325427
2046,400.54635574118765
2047,513.6388414584412
2048,629.9208812578966
2049,686.1228048420069
2050,828.1907892279387
2051,833.645959919282
2052,835.6330887914778
2053,730.5543538719005
2054,605.0420259464581
2055,390.53364359613124
2056,281.7171425791128
2057,183.66609274797895
2058,133.13076988005258
2059,69.01853145440418
2060,43.09896865712152
2061,1.0818785996762181
2062,0.4922370441914784
2063,0.43811452372432313
2064,0.43811452372432313
2065,2.211519489847988
2066,20.849508134169355
2067,58.714155349574554
2068,128.11812137337486
2069,168.70493428049718
2070,189.119461319253
2071,223.1263028038964
2072,218.72049733047618
2073,222.70563629290214
2074,371.39665822826134
2075,341.14012846681027
2076,277.25831140169265
2077,245.3313140303033
2078,206.53573754144614
2079,224.43040366220373
2080,156.17554380397806
2081,99.08317798863546
2082,54.90503741862817
2083,24.98425336884919
2084,11.770404056698464
2085,3.0430824937248144
2086,0.5041033403096794
2087,0.43811452372432313
2088,1.7405913398450688
2089,1.962074072666323
2090,6.5566719576029975
2091,19.591070465958914
2092,32.20809019424302
2093,63.05246434676101
2094,97.29382491211247
2095,226.11042985062204
2096,210.3318157315322
2097,206.8864273596082
2098,204.77374287880173
2099,251.69455529278974
2100,236.47405966567072
2101,250.58259751028078
2102,238.8511023109762
2103,227.74311773589
2104,148.87945107169526
2105,107.68390461415015
2106,65.54641791086726
2107,33.19022328768931
2108,14.933466674079359
2109,5.812063823283703
2110,0.4502239324785247
2111,0.4422643581616401
2112,1.071827170223846
2113,4.1522627176689895
2114,21.073464931665747
2115,64.97365474014826
2116,116.7190221057772
2117,185.99490325966076
2118,208.18699172693388
2119,299.03358283627205
2120,382.33825649453513
2121,574.4863101713934
2122,602.637245589021
2123,501.55883573557674
2124,518.1552782267604
2125,531.6345074158335
2126,430.34209384166985
2127,300.1432255334924
2128,197.8569849622772
2129,165.69607637756434
2130,115.55547144254764
2131,75.46216492203285
2132,25.680453849729282
2133,4.086631586120273
2134,3.5019594737747735
2135,1.0667900817267242
2136,0.6557942557720892
2137,28.674792166702932
2138,10.784301798151773
2139,36.74998101414994
2140,105.70102596126416
2141,159.88886567303246
2142,178.57389220267112
2143,196.7276602369432
2144,269.9180847201232
2145,393.29689066979466
2146,473.04033535971433
2147,502.7473876462498
2148,514.0321206951637
2149,472.75537917412197
2150,341.12295471731255
2151,305.16156752026524
2152,182.39658626864906
2153,117.35172603896481
2154,68.00477651620655
2155,48.40738209229001
2156,17.04572957951851
2157,2.375089204378875
2158,0.49086527231034144
2159,0.43811452372432313
